Module,Feature,Actor,Method,Endpoint,ActionHandler,RouteFile,PrimaryService,SchemaValidation,DBCollections,LifecycleStateImpact,UserFrontendMapping,AdminFrontendMapping,Notes
Alerts,Admin Smart Alerts,Admin,GET,/api/v1/admin/smart-alerts,smartAlertController.getSmartAlerts,backend/src/routes/admin/finance.routes.ts,SmartAlertService,validateObjectId|permission guards,SmartAlert|UserWallet,,N/A,N/A,
Alerts,Admin Smart Alerts,Admin,DELETE,/api/v1/admin/smart-alerts/:id,smartAlertController.deleteSmartAlert,backend/src/routes/admin/finance.routes.ts,SmartAlertService,validateObjectId|permission guards,SmartAlert|UserWallet,,N/A,N/A,
Alerts,Smart Alerts and Saved Searches,User,GET,/api/v1/smart-alerts/,smartAlertController.getSmartAlerts,backend/src/routes/smartAlertRoutes.ts,SmartAlertService|SavedSearchService|WalletService,SmartAlertCreateSchema|SmartAlertUpdateSchema|SavedSearchCreateSchema,SmartAlert|SavedSearch|UserWallet|UserPlan,active inactive deleted + TTL expiry via expiresAt,frontend/src/api/user/smartAlerts.ts|frontend/src/api/user/savedSearches.ts|frontend/src/hooks/useSmartAlerts.ts,N/A,
Alerts,Smart Alerts and Saved Searches,User,POST,/api/v1/smart-alerts/,smartAlertController.createSmartAlert,backend/src/routes/smartAlertRoutes.ts,SmartAlertService|SavedSearchService|WalletService,SmartAlertCreateSchema|SmartAlertUpdateSchema|SavedSearchCreateSchema,SmartAlert|SavedSearch|UserWallet|UserPlan,active inactive deleted + TTL expiry via expiresAt,frontend/src/api/user/smartAlerts.ts|frontend/src/api/user/savedSearches.ts|frontend/src/hooks/useSmartAlerts.ts,N/A,
Alerts,Smart Alerts and Saved Searches,User,DELETE,/api/v1/smart-alerts/:id,smartAlertController.deleteSmartAlert,backend/src/routes/smartAlertRoutes.ts,SmartAlertService|SavedSearchService|WalletService,SmartAlertCreateSchema|SmartAlertUpdateSchema|SavedSearchCreateSchema,SmartAlert|SavedSearch|UserWallet|UserPlan,active inactive deleted + TTL expiry via expiresAt,frontend/src/api/user/smartAlerts.ts|frontend/src/api/user/savedSearches.ts|frontend/src/hooks/useSmartAlerts.ts,N/A,DELETE now performs hard delete (with wallet slot restore when applicable)
Alerts,Smart Alerts and Saved Searches,User,PUT,/api/v1/smart-alerts/:id,smartAlertController.updateSmartAlert,backend/src/routes/smartAlertRoutes.ts,SmartAlertService|SavedSearchService|WalletService,SmartAlertCreateSchema|SmartAlertUpdateSchema|SavedSearchCreateSchema,SmartAlert|SavedSearch|UserWallet|UserPlan,active inactive deleted + TTL expiry via expiresAt,frontend/src/api/user/smartAlerts.ts|frontend/src/api/user/savedSearches.ts|frontend/src/hooks/useSmartAlerts.ts,N/A,
Alerts,Smart Alerts and Saved Searches,User,PATCH,/api/v1/smart-alerts/:id/toggle-status,smartAlertController.toggleSmartAlertStatus,backend/src/routes/smartAlertRoutes.ts,SmartAlertService|SavedSearchService|WalletService,validateObjectId|mutationLimiter,SmartAlert|SavedSearch|UserWallet|UserPlan,active inactive deleted + TTL expiry via expiresAt,frontend/src/api/user/smartAlerts.ts|frontend/src/api/user/savedSearches.ts|frontend/src/hooks/useSmartAlerts.ts,N/A,Toggle isActive with wallet slot consume/restore semantics
Alerts,Smart Alerts and Saved Searches,User,GET,/api/v1/smart-alerts/saved-searches,smartAlertController.listSavedSearches,backend/src/routes/smartAlertRoutes.ts,SmartAlertService|SavedSearchService|WalletService,SmartAlertCreateSchema|SmartAlertUpdateSchema|SavedSearchCreateSchema,SmartAlert|SavedSearch|UserWallet|UserPlan,active inactive deleted + TTL expiry via expiresAt,frontend/src/api/user/smartAlerts.ts|frontend/src/api/user/savedSearches.ts|frontend/src/hooks/useSmartAlerts.ts,N/A,
Alerts,Smart Alerts and Saved Searches,User,POST,/api/v1/smart-alerts/saved-searches,smartAlertController.createSavedSearchEntry,backend/src/routes/smartAlertRoutes.ts,SmartAlertService|SavedSearchService|WalletService,SmartAlertCreateSchema|SmartAlertUpdateSchema|SavedSearchCreateSchema,SmartAlert|SavedSearch|UserWallet|UserPlan,active inactive deleted + TTL expiry via expiresAt,frontend/src/api/user/smartAlerts.ts|frontend/src/api/user/savedSearches.ts|frontend/src/hooks/useSmartAlerts.ts,N/A,
Alerts,Smart Alerts and Saved Searches,User,DELETE,/api/v1/smart-alerts/saved-searches/:id,smartAlertController.deleteSavedSearchEntry,backend/src/routes/smartAlertRoutes.ts,SmartAlertService|SavedSearchService|WalletService,SmartAlertCreateSchema|SmartAlertUpdateSchema|SavedSearchCreateSchema,SmartAlert|SavedSearch|UserWallet|UserPlan,active inactive deleted + TTL expiry via expiresAt,frontend/src/api/user/smartAlerts.ts|frontend/src/api/user/savedSearches.ts|frontend/src/hooks/useSmartAlerts.ts,N/A,
Business,Admin Business Lifecycle,Admin,DELETE,/api/v1/admin/businesses/:id,businessController.deleteBusinessAccount,backend/src/routes/admin/system.routes.ts,BusinessService|AdminBusinessService|StatusMutationService,validateObjectId|permission guards,Business|User|Ad,approve reject suspend renew delete with cascades,N/A,admin-frontend/src/app/(protected)/business-requests/BusinessRequestsView.tsx|admin-frontend/src/app/(protected)/businesses/BusinessesView.tsx,
Business,Admin Business Lifecycle,Admin,GET,/api/v1/admin/businesses/:id,businessController.getBusinessAccountById,backend/src/routes/admin/system.routes.ts,BusinessService|AdminBusinessService|StatusMutationService,validateObjectId|permission guards,Business|User|Ad,approve reject suspend renew delete with cascades,N/A,admin-frontend/src/app/(protected)/business-requests/BusinessRequestsView.tsx|admin-frontend/src/app/(protected)/businesses/BusinessesView.tsx,
Business,Admin Business Lifecycle,Admin,PUT,/api/v1/admin/businesses/:id,businessController.updateBusinessByAdmin,backend/src/routes/admin/system.routes.ts,BusinessService|AdminBusinessService|StatusMutationService,validateObjectId|permission guards,Business|User|Ad,approve reject suspend renew delete with cascades,N/A,admin-frontend/src/app/(protected)/business-requests/BusinessRequestsView.tsx|admin-frontend/src/app/(protected)/businesses/BusinessesView.tsx,
Business,Admin Business Lifecycle,Admin,PATCH,/api/v1/admin/businesses/:id/approve,businessController.approveBusinessAccount,backend/src/routes/admin/system.routes.ts,BusinessService|AdminBusinessService|StatusMutationService,validateObjectId|permission guards,Business|User|Ad,approve reject suspend renew delete with cascades,N/A,admin-frontend/src/app/(protected)/business-requests/BusinessRequestsView.tsx|admin-frontend/src/app/(protected)/businesses/BusinessesView.tsx,
Business,Admin Business Lifecycle,Admin,PATCH,/api/v1/admin/businesses/:id/reject,businessController.rejectBusinessAccount,backend/src/routes/admin/system.routes.ts,BusinessService|AdminBusinessService|StatusMutationService,validateObjectId|permission guards,Business|User|Ad,approve reject suspend renew delete with cascades,N/A,admin-frontend/src/app/(protected)/business-requests/BusinessRequestsView.tsx|admin-frontend/src/app/(protected)/businesses/BusinessesView.tsx,
Business,Admin Business Lifecycle,Admin,PATCH,/api/v1/admin/businesses/:id/status,businessController.updateBusinessStatus,backend/src/routes/admin/system.routes.ts,BusinessService|AdminBusinessService|StatusMutationService,validateObjectId|permission guards,Business|User|Ad,approve reject suspend renew delete with cascades,N/A,admin-frontend/src/app/(protected)/business-requests/BusinessRequestsView.tsx|admin-frontend/src/app/(protected)/businesses/BusinessesView.tsx,
Business,Admin Business Lifecycle,Admin,GET,/api/v1/admin/businesses/accounts,businessController.getBusinessAccounts,backend/src/routes/admin/system.routes.ts,BusinessService|AdminBusinessService|StatusMutationService,validateObjectId|permission guards,Business|User|Ad,approve reject suspend renew delete with cascades,N/A,admin-frontend/src/app/(protected)/business-requests/BusinessRequestsView.tsx|admin-frontend/src/app/(protected)/businesses/BusinessesView.tsx,
Business,Admin Business Lifecycle,Admin,GET,/api/v1/admin/businesses/overview,businessController.getBusinessOverview,backend/src/routes/admin/system.routes.ts,BusinessService|AdminBusinessService|StatusMutationService,validateObjectId|permission guards,Business|User|Ad,approve reject suspend renew delete with cascades,N/A,admin-frontend/src/app/(protected)/business-requests/BusinessRequestsView.tsx|admin-frontend/src/app/(protected)/businesses/BusinessesView.tsx,
Business,Admin Business Lifecycle,Admin,GET,/api/v1/admin/businesses/requests,businessController.getBusinessRequests,backend/src/routes/admin/system.routes.ts,BusinessService|AdminBusinessService|StatusMutationService,validateObjectId|permission guards,Business|User|Ad,approve reject suspend renew delete with cascades,N/A,admin-frontend/src/app/(protected)/business-requests/BusinessRequestsView.tsx|admin-frontend/src/app/(protected)/businesses/BusinessesView.tsx,
Business,Admin Business Lifecycle,Admin,GET,/api/v1/admin/businesses/requests/:id,businessController.getBusinessAccountById,backend/src/routes/admin/system.routes.ts,BusinessService|AdminBusinessService|StatusMutationService,validateObjectId|permission guards,Business|User|Ad,approve reject suspend renew delete with cascades,N/A,admin-frontend/src/app/(protected)/business-requests/BusinessRequestsView.tsx|admin-frontend/src/app/(protected)/businesses/BusinessesView.tsx,
Business,Admin Business Lifecycle,Admin,POST,/api/v1/admin/businesses/requests/:id/renew,businessController.renewBusinessAccount,backend/src/routes/admin/system.routes.ts,BusinessService|AdminBusinessService|StatusMutationService,validateObjectId|permission guards,Business|User|Ad,approve reject suspend renew delete with cascades,N/A,admin-frontend/src/app/(protected)/business-requests/BusinessRequestsView.tsx|admin-frontend/src/app/(protected)/businesses/BusinessesView.tsx,
Business,Registration and Edit Business,User/Public,GET,/api/v1/businesses/,businessController.getBusinesses,backend/src/routes/businessRoutes.ts,BusinessService|StatusMutationService,createBusinessSchema|updateBusinessSchema,Business|User|Ad(cascade),pending live rejected suspended deleted; critical edits reset to pending,frontend/src/api/user/businesses.ts|frontend/src/hooks/useBusiness.ts,N/A,
Business,Registration and Edit Business,User/Public,POST,/api/v1/businesses/,businessController.registerBusiness,backend/src/routes/businessRoutes.ts,BusinessService|StatusMutationService,createBusinessSchema|updateBusinessSchema,Business|User|Ad(cascade),pending live rejected suspended deleted; critical edits reset to pending,frontend/src/api/user/businesses.ts|frontend/src/hooks/useBusiness.ts,N/A,
Business,Registration and Edit Business,User/Public,GET,/api/v1/businesses/:id,businessController.getBusinessById,backend/src/routes/businessRoutes.ts,BusinessService|StatusMutationService,createBusinessSchema|updateBusinessSchema,Business|User|Ad(cascade),pending live rejected suspended deleted; critical edits reset to pending,frontend/src/api/user/businesses.ts|frontend/src/hooks/useBusiness.ts,N/A,
Business,Registration and Edit Business,User/Public,PATCH,/api/v1/businesses/:id,businessController.updateBusiness,backend/src/routes/businessRoutes.ts,BusinessService|StatusMutationService,createBusinessSchema|updateBusinessSchema,Business|User|Ad(cascade),pending live rejected suspended deleted; critical edits reset to pending,frontend/src/api/user/businesses.ts|frontend/src/hooks/useBusiness.ts,N/A,
Business,Registration and Edit Business,User/Public,GET,/api/v1/businesses/:id/ads,businessController.getBusinessAds,backend/src/routes/businessRoutes.ts,BusinessService|StatusMutationService,createBusinessSchema|updateBusinessSchema,Business|User|Ad(cascade),pending live rejected suspended deleted; critical edits reset to pending,frontend/src/api/user/businesses.ts|frontend/src/hooks/useBusiness.ts,N/A,
Business,Registration and Edit Business,User/Public,GET,/api/v1/businesses/:id/services,businessController.getBusinessServices,backend/src/routes/businessRoutes.ts,BusinessService|StatusMutationService,createBusinessSchema|updateBusinessSchema,Business|User|Ad(cascade),pending live rejected suspended deleted; critical edits reset to pending,frontend/src/api/user/businesses.ts|frontend/src/hooks/useBusiness.ts,N/A,
Business,Registration and Edit Business,User/Public,GET,/api/v1/businesses/:id/spare-parts,businessController.getBusinessSpareParts,backend/src/routes/businessRoutes.ts,BusinessService|StatusMutationService,createBusinessSchema|updateBusinessSchema,Business|User|Ad(cascade),pending live rejected suspended deleted; critical edits reset to pending,frontend/src/api/user/businesses.ts|frontend/src/hooks/useBusiness.ts,N/A,
Business,Registration and Edit Business,User/Public,GET,/api/v1/businesses/:id/stats,businessController.getBusinessStatsById,backend/src/routes/businessRoutes.ts,BusinessService|StatusMutationService,createBusinessSchema|updateBusinessSchema,Business|User|Ad(cascade),pending live rejected suspended deleted; critical edits reset to pending,frontend/src/api/user/businesses.ts|frontend/src/hooks/useBusiness.ts,N/A,
Business,Registration and Edit Business,User/Public,DELETE,/api/v1/businesses/me,businessController.withdrawBusiness,backend/src/routes/businessRoutes.ts,BusinessService|StatusMutationService,createBusinessSchema|updateBusinessSchema,Business|User|Ad(cascade),pending live rejected suspended deleted; critical edits reset to pending,frontend/src/api/user/businesses.ts|frontend/src/hooks/useBusiness.ts,N/A,
Business,Registration and Edit Business,User/Public,GET,/api/v1/businesses/me,businessController.getMyBusinesses,backend/src/routes/businessRoutes.ts,BusinessService|StatusMutationService,createBusinessSchema|updateBusinessSchema,Business|User|Ad(cascade),pending live rejected suspended deleted; critical edits reset to pending,frontend/src/api/user/businesses.ts|frontend/src/hooks/useBusiness.ts,N/A,
Business,Registration and Edit Business,User/Public,GET,/api/v1/businesses/me/stats,businessController.getMyBusinessStats,backend/src/routes/businessRoutes.ts,BusinessService|StatusMutationService,createBusinessSchema|updateBusinessSchema,Business|User|Ad(cascade),pending live rejected suspended deleted; critical edits reset to pending,frontend/src/api/user/businesses.ts|frontend/src/hooks/useBusiness.ts,N/A,
Business,Registration and Edit Business,User/Public,POST,/api/v1/businesses/upload,uploadFile,backend/src/routes/businessRoutes.ts,BusinessService|StatusMutationService,createBusinessSchema|updateBusinessSchema,Business|User|Ad(cascade),pending live rejected suspended deleted; critical edits reset to pending,frontend/src/api/user/businesses.ts|frontend/src/hooks/useBusiness.ts,N/A,
Chat,Admin Chat via /admin/chat,Admin,GET,/api/v1/admin/chat/:id,adminGetChat,backend/src/routes/admin/system.routes.ts,chatService,validateObjectId|permission guards,Conversation|ChatMessage|ChatReport,mute resolve report and moderation operations,N/A,admin-frontend/src/lib/api/adminChat.ts|admin-frontend/src/app/(protected)/chat/AdminChatView.tsx,
Chat,Admin Chat via /admin/chat,Admin,POST,/api/v1/admin/chat/export/:id,adminExportChat,backend/src/routes/admin/system.routes.ts,chatService,validateObjectId|permission guards,Conversation|ChatMessage|ChatReport,mute resolve report and moderation operations,N/A,admin-frontend/src/lib/api/adminChat.ts|admin-frontend/src/app/(protected)/chat/AdminChatView.tsx,
Chat,Admin Chat via /admin/chat,Admin,GET,/api/v1/admin/chat/list,adminListChats,backend/src/routes/admin/system.routes.ts,chatService,validateObjectId|permission guards,Conversation|ChatMessage|ChatReport,mute resolve report and moderation operations,N/A,admin-frontend/src/lib/api/adminChat.ts|admin-frontend/src/app/(protected)/chat/AdminChatView.tsx,
Chat,Admin Chat via /admin/chat,Admin,DELETE,/api/v1/admin/chat/message/:msgId,adminDeleteMsg,backend/src/routes/admin/system.routes.ts,chatService,validateObjectId|permission guards,Conversation|ChatMessage|ChatReport,mute resolve report and moderation operations,N/A,admin-frontend/src/lib/api/adminChat.ts|admin-frontend/src/app/(protected)/chat/AdminChatView.tsx,
Chat,Admin Chat via /admin/chat,Admin,POST,/api/v1/admin/chat/mute/:id,adminMuteChat,backend/src/routes/admin/system.routes.ts,chatService,validateObjectId|permission guards,Conversation|ChatMessage|ChatReport,mute resolve report and moderation operations,N/A,admin-frontend/src/lib/api/adminChat.ts|admin-frontend/src/app/(protected)/chat/AdminChatView.tsx,
Chat,Admin Chat via /admin/chat,Admin,PATCH,/api/v1/admin/chat/report/:id,adminResolveReport,backend/src/routes/admin/system.routes.ts,chatService,validateObjectId|permission guards,Conversation|ChatMessage|ChatReport,mute resolve report and moderation operations,N/A,admin-frontend/src/lib/api/adminChat.ts|admin-frontend/src/app/(protected)/chat/AdminChatView.tsx,
Chat,Chat Admin via /chat/admin,Admin,GET,/api/v1/chat/admin/:id,adminGetChat,backend/src/routes/chatRoutes.ts,chatService,chatValidator schemas,Conversation|ChatMessage|ChatReport,conversation active blocked closed; report open under_review resolved dismissed,N/A,admin-frontend uses /api/v1/admin/chat/* (system.routes) not /api/v1/chat/admin/*,
Chat,Chat Admin via /chat/admin,Admin,POST,/api/v1/chat/admin/export/:id,adminExportChat,backend/src/routes/chatRoutes.ts,chatService,chatValidator schemas,Conversation|ChatMessage|ChatReport,conversation active blocked closed; report open under_review resolved dismissed,N/A,admin-frontend uses /api/v1/admin/chat/* (system.routes) not /api/v1/chat/admin/*,
Chat,Chat Admin via /chat/admin,Admin,GET,/api/v1/chat/admin/list,adminListChats,backend/src/routes/chatRoutes.ts,chatService,chatValidator schemas,Conversation|ChatMessage|ChatReport,conversation active blocked closed; report open under_review resolved dismissed,N/A,admin-frontend uses /api/v1/admin/chat/* (system.routes) not /api/v1/chat/admin/*,
Chat,Chat Admin via /chat/admin,Admin,DELETE,/api/v1/chat/admin/message/:msgId,adminDeleteMsg,backend/src/routes/chatRoutes.ts,chatService,chatValidator schemas,Conversation|ChatMessage|ChatReport,conversation active blocked closed; report open under_review resolved dismissed,N/A,admin-frontend uses /api/v1/admin/chat/* (system.routes) not /api/v1/chat/admin/*,
Chat,Chat Admin via /chat/admin,Admin,POST,/api/v1/chat/admin/mute/:id,adminMuteChat,backend/src/routes/chatRoutes.ts,chatService,chatValidator schemas,Conversation|ChatMessage|ChatReport,conversation active blocked closed; report open under_review resolved dismissed,N/A,admin-frontend uses /api/v1/admin/chat/* (system.routes) not /api/v1/chat/admin/*,
Chat,Chat Admin via /chat/admin,Admin,PATCH,/api/v1/chat/admin/report/:id,adminResolveReport,backend/src/routes/chatRoutes.ts,chatService,chatValidator schemas,Conversation|ChatMessage|ChatReport,conversation active blocked closed; report open under_review resolved dismissed,N/A,admin-frontend uses /api/v1/admin/chat/* (system.routes) not /api/v1/chat/admin/*,
Chat,User Chat,User,GET,/api/v1/chat/:id/messages,getConversationMessages,backend/src/routes/chatRoutes.ts,chatService,chatValidator schemas,Conversation|ChatMessage|ChatReport,conversation active blocked closed; report open under_review resolved dismissed,frontend/src/api/chatApi.ts|frontend/src/hooks/useChat.ts|frontend/src/hooks/useChatList.ts,N/A,
Chat,User Chat,User,POST,/api/v1/chat/block,blockChat,backend/src/routes/chatRoutes.ts,chatService,chatValidator schemas,Conversation|ChatMessage|ChatReport,conversation active blocked closed; report open under_review resolved dismissed,frontend/src/api/chatApi.ts|frontend/src/hooks/useChat.ts|frontend/src/hooks/useChatList.ts,N/A,
Chat,User Chat,User,POST,/api/v1/chat/hide,hideChat,backend/src/routes/chatRoutes.ts,chatService,chatValidator schemas,Conversation|ChatMessage|ChatReport,conversation active blocked closed; report open under_review resolved dismissed,frontend/src/api/chatApi.ts|frontend/src/hooks/useChat.ts|frontend/src/hooks/useChatList.ts,N/A,
Chat,User Chat,User,GET,/api/v1/chat/list,getChatList,backend/src/routes/chatRoutes.ts,chatService,chatValidator schemas,Conversation|ChatMessage|ChatReport,conversation active blocked closed; report open under_review resolved dismissed,frontend/src/api/chatApi.ts|frontend/src/hooks/useChat.ts|frontend/src/hooks/useChatList.ts,N/A,
Chat,User Chat,User,POST,/api/v1/chat/read,markChatRead,backend/src/routes/chatRoutes.ts,chatService,chatValidator schemas,Conversation|ChatMessage|ChatReport,conversation active blocked closed; report open under_review resolved dismissed,frontend/src/api/chatApi.ts|frontend/src/hooks/useChat.ts|frontend/src/hooks/useChatList.ts,N/A,
Chat,User Chat,User,POST,/api/v1/chat/report,reportChat,backend/src/routes/chatRoutes.ts,chatService,chatValidator schemas,Conversation|ChatMessage|ChatReport,conversation active blocked closed; report open under_review resolved dismissed,frontend/src/api/chatApi.ts|frontend/src/hooks/useChat.ts|frontend/src/hooks/useChatList.ts,N/A,
Chat,User Chat,User,POST,/api/v1/chat/send,sendChatMessage,backend/src/routes/chatRoutes.ts,chatService,chatValidator schemas,Conversation|ChatMessage|ChatReport,conversation active blocked closed; report open under_review resolved dismissed,frontend/src/api/chatApi.ts|frontend/src/hooks/useChat.ts|frontend/src/hooks/useChatList.ts,N/A,
Chat,User Chat,User,POST,/api/v1/chat/start,startChat,backend/src/routes/chatRoutes.ts,chatService,chatValidator schemas,Conversation|ChatMessage|ChatReport,conversation active blocked closed; report open under_review resolved dismissed,frontend/src/api/chatApi.ts|frontend/src/hooks/useChat.ts|frontend/src/hooks/useChatList.ts,N/A,
Chat,User Chat,User,POST,/api/v1/chat/upload-url,getChatUploadUrl,backend/src/routes/chatRoutes.ts,chatService,chatValidator schemas,Conversation|ChatMessage|ChatReport,conversation active blocked closed; report open under_review resolved dismissed,frontend/src/api/chatApi.ts|frontend/src/hooks/useChat.ts|frontend/src/hooks/useChatList.ts,N/A,
Listings,Admin Listings Moderation,Admin,GET,/api/v1/admin/ad-review/queue,listingsController.adminListListings,backend/src/routes/admin/moderation.routes.ts,ListingModerationQueryService|StatusMutationService,adminListingsQuerySchema|lifecyclePolicyHttpGuard,Ad|StatusHistory,report status lifecycle,N/A,admin-frontend/src/lib/api/moderation.ts|admin-frontend/src/hooks/useAdminAdsQuery.ts,Legacy alias route behind ENABLE_LEGACY_MODERATION_ALIASES
Listings,Admin Listings Moderation,Admin,GET,/api/v1/admin/ad-review/stats,listingsController.adminGetListingCountsLegacyAdapter,backend/src/routes/admin/moderation.routes.ts,ListingModerationQueryService|StatusMutationService,adminListingsQuerySchema|lifecyclePolicyHttpGuard,Ad|StatusHistory,report status lifecycle,N/A,admin-frontend/src/lib/api/moderation.ts|admin-frontend/src/hooks/useAdminAdsQuery.ts,Legacy alias route behind ENABLE_LEGACY_MODERATION_ALIASES
Listings,Admin Listings Moderation,Admin,GET,/api/v1/admin/ads,listingsController.adminListListings,backend/src/routes/admin/moderation.routes.ts,ListingModerationQueryService|StatusMutationService,adminListingsQuerySchema|lifecyclePolicyHttpGuard,Ad|StatusHistory,report status lifecycle,N/A,admin-frontend/src/lib/api/moderation.ts|admin-frontend/src/hooks/useAdminAdsQuery.ts,Legacy alias route behind ENABLE_LEGACY_MODERATION_ALIASES
Listings,Admin Listings Moderation,Admin,DELETE,/api/v1/admin/ads/:id,listingsController.adminSoftDeleteListing,backend/src/routes/admin/moderation.routes.ts,ListingModerationQueryService|StatusMutationService,adminListingsQuerySchema|lifecyclePolicyHttpGuard,Ad|StatusHistory,report status lifecycle,N/A,admin-frontend/src/lib/api/moderation.ts|admin-frontend/src/hooks/useAdminAdsQuery.ts,Legacy alias route behind ENABLE_LEGACY_MODERATION_ALIASES
Listings,Admin Listings Moderation,Admin,GET,/api/v1/admin/ads/:id,listingsController.adminGetListingById,backend/src/routes/admin/moderation.routes.ts,ListingModerationQueryService|StatusMutationService,adminListingsQuerySchema|lifecyclePolicyHttpGuard,Ad|StatusHistory,report status lifecycle,N/A,admin-frontend/src/lib/api/moderation.ts|admin-frontend/src/hooks/useAdminAdsQuery.ts,Legacy alias route behind ENABLE_LEGACY_MODERATION_ALIASES
Listings,Admin Listings Moderation,Admin,PATCH,/api/v1/admin/ads/:id/approve,listingsController.adminApproveListing,backend/src/routes/admin/moderation.routes.ts,ListingModerationQueryService|StatusMutationService,adminListingsQuerySchema|lifecyclePolicyHttpGuard,Ad|StatusHistory,report status lifecycle,N/A,admin-frontend/src/lib/api/moderation.ts|admin-frontend/src/hooks/useAdminAdsQuery.ts,Legacy alias route behind ENABLE_LEGACY_MODERATION_ALIASES
Listings,Admin Listings Moderation,Admin,POST,/api/v1/admin/ads/:id/extend,inline_handler,backend/src/routes/admin/moderation.routes.ts,ListingModerationQueryService|StatusMutationService,adminListingsQuerySchema|lifecyclePolicyHttpGuard,Ad|StatusHistory,report status lifecycle,N/A,admin-frontend/src/lib/api/moderation.ts|admin-frontend/src/hooks/useAdminAdsQuery.ts,Legacy alias route behind ENABLE_LEGACY_MODERATION_ALIASES
Listings,Admin Listings Moderation,Admin,POST,/api/v1/admin/ads/:id/promote,inline_handler,backend/src/routes/admin/moderation.routes.ts,ListingModerationQueryService|StatusMutationService,adminListingsQuerySchema|lifecyclePolicyHttpGuard,Ad|StatusHistory,report status lifecycle,N/A,admin-frontend/src/lib/api/moderation.ts|admin-frontend/src/hooks/useAdminAdsQuery.ts,Legacy alias route behind ENABLE_LEGACY_MODERATION_ALIASES
Listings,Admin Listings Moderation,Admin,PATCH,/api/v1/admin/ads/:id/reject,listingsController.adminRejectListing,backend/src/routes/admin/moderation.routes.ts,ListingModerationQueryService|StatusMutationService,adminListingsQuerySchema|lifecyclePolicyHttpGuard,Ad|StatusHistory,report status lifecycle,N/A,admin-frontend/src/lib/api/moderation.ts|admin-frontend/src/hooks/useAdminAdsQuery.ts,Legacy alias route behind ENABLE_LEGACY_MODERATION_ALIASES
Listings,Admin Listings Moderation,Admin,POST,/api/v1/admin/ads/:id/restore,inline_handler,backend/src/routes/admin/moderation.routes.ts,ListingModerationQueryService|StatusMutationService,adminListingsQuerySchema|lifecyclePolicyHttpGuard,Ad|StatusHistory,report status lifecycle,N/A,admin-frontend/src/lib/api/moderation.ts|admin-frontend/src/hooks/useAdminAdsQuery.ts,Legacy alias route behind ENABLE_LEGACY_MODERATION_ALIASES
Listings,Admin Listings Moderation,Admin,PATCH,/api/v1/admin/ads/:id/status,inline_handler,backend/src/routes/admin/moderation.routes.ts,ListingModerationQueryService|StatusMutationService,adminListingsQuerySchema|lifecyclePolicyHttpGuard,Ad|StatusHistory,report status lifecycle,N/A,admin-frontend/src/lib/api/moderation.ts|admin-frontend/src/hooks/useAdminAdsQuery.ts,Legacy alias route behind ENABLE_LEGACY_MODERATION_ALIASES
Listings,Admin Listings Moderation,Admin,GET,/api/v1/admin/ads/summary,listingsController.adminGetListingCountsLegacyAdapter,backend/src/routes/admin/moderation.routes.ts,ListingModerationQueryService|StatusMutationService,adminListingsQuerySchema|lifecyclePolicyHttpGuard,Ad|StatusHistory,report status lifecycle,N/A,admin-frontend/src/lib/api/moderation.ts|admin-frontend/src/hooks/useAdminAdsQuery.ts,Legacy alias route behind ENABLE_LEGACY_MODERATION_ALIASES
Listings,Admin Listings Moderation,Admin,GET,/api/v1/admin/listings,listingsController.adminListListings,backend/src/routes/admin/moderation.routes.ts,ListingModerationQueryService|StatusMutationService,adminListingsQuerySchema|lifecyclePolicyHttpGuard,Ad|StatusHistory,report status lifecycle,N/A,admin-frontend/src/lib/api/moderation.ts|admin-frontend/src/hooks/useAdminAdsQuery.ts,
Listings,Admin Listings Moderation,Admin,DELETE,/api/v1/admin/listings/:id,listingsController.adminSoftDeleteListing,backend/src/routes/admin/moderation.routes.ts,ListingModerationQueryService|StatusMutationService,adminListingsQuerySchema|lifecyclePolicyHttpGuard,Ad|StatusHistory,approve reject deactivate expire extend soft-delete transitions,N/A,admin-frontend/src/lib/api/moderation.ts|admin-frontend/src/hooks/useAdminAdsQuery.ts,
Listings,Admin Listings Moderation,Admin,GET,/api/v1/admin/listings/:id,listingsController.adminGetListingById,backend/src/routes/admin/moderation.routes.ts,ListingModerationQueryService|StatusMutationService,adminListingsQuerySchema|lifecyclePolicyHttpGuard,Ad|StatusHistory,approve reject deactivate expire extend soft-delete transitions,N/A,admin-frontend/src/lib/api/moderation.ts|admin-frontend/src/hooks/useAdminAdsQuery.ts,
Listings,Admin Listings Moderation,Admin,POST,/api/v1/admin/listings/:id/approve,listingsController.adminApproveListing,backend/src/routes/admin/moderation.routes.ts,ListingModerationQueryService|StatusMutationService,adminListingsQuerySchema|lifecyclePolicyHttpGuard,Ad|StatusHistory,approve reject deactivate expire extend soft-delete transitions,N/A,admin-frontend/src/lib/api/moderation.ts|admin-frontend/src/hooks/useAdminAdsQuery.ts,
Listings,Admin Listings Moderation,Admin,POST,/api/v1/admin/listings/:id/deactivate,listingsController.adminDeactivateListing,backend/src/routes/admin/moderation.routes.ts,ListingModerationQueryService|StatusMutationService,adminListingsQuerySchema|lifecyclePolicyHttpGuard,Ad|StatusHistory,approve reject deactivate expire extend soft-delete transitions,N/A,admin-frontend/src/lib/api/moderation.ts|admin-frontend/src/hooks/useAdminAdsQuery.ts,
Listings,Admin Listings Moderation,Admin,POST,/api/v1/admin/listings/:id/expire,listingsController.adminExpireListing,backend/src/routes/admin/moderation.routes.ts,ListingModerationQueryService|StatusMutationService,adminListingsQuerySchema|lifecyclePolicyHttpGuard,Ad|StatusHistory,approve reject deactivate expire extend soft-delete transitions,N/A,admin-frontend/src/lib/api/moderation.ts|admin-frontend/src/hooks/useAdminAdsQuery.ts,
Listings,Admin Listings Moderation,Admin,POST,/api/v1/admin/listings/:id/extend,listingsController.adminExtendListing,backend/src/routes/admin/moderation.routes.ts,ListingModerationQueryService|StatusMutationService,adminListingsQuerySchema|lifecyclePolicyHttpGuard,Ad|StatusHistory,approve reject deactivate expire extend soft-delete transitions,N/A,admin-frontend/src/lib/api/moderation.ts|admin-frontend/src/hooks/useAdminAdsQuery.ts,Expired->live extend now routes through mutateStatus with moderation audit metadata
Listings,Admin Listings Moderation,Admin,POST,/api/v1/admin/listings/:id/reject,listingsController.adminRejectListing,backend/src/routes/admin/moderation.routes.ts,ListingModerationQueryService|StatusMutationService,adminListingsQuerySchema|lifecyclePolicyHttpGuard,Ad|StatusHistory,approve reject deactivate expire extend soft-delete transitions,N/A,admin-frontend/src/lib/api/moderation.ts|admin-frontend/src/hooks/useAdminAdsQuery.ts,
Listings,Admin Listings Moderation,Admin,POST,/api/v1/admin/listings/:id/report-resolve,listingsController.adminResolveListingReport,backend/src/routes/admin/moderation.routes.ts,ListingModerationQueryService|StatusMutationService,adminListingsQuerySchema|lifecyclePolicyHttpGuard,Ad|StatusHistory,approve reject deactivate expire extend soft-delete transitions,N/A,admin-frontend/src/lib/api/moderation.ts|admin-frontend/src/hooks/useAdminAdsQuery.ts,
Listings,Admin Listings Moderation,Admin,GET,/api/v1/admin/listings/counts,listingsController.adminGetListingCounts,backend/src/routes/admin/moderation.routes.ts,ListingModerationQueryService|StatusMutationService,adminListingsQuerySchema|lifecyclePolicyHttpGuard,Ad|StatusHistory,approve reject deactivate expire extend soft-delete transitions,N/A,admin-frontend/src/lib/api/moderation.ts|admin-frontend/src/hooks/useAdminAdsQuery.ts,
Listings,Admin Listings Moderation,Admin,GET,/api/v1/admin/reported-ads,inline_handler,backend/src/routes/admin/moderation.routes.ts,ListingModerationQueryService|StatusMutationService,adminListingsQuerySchema|lifecyclePolicyHttpGuard,Ad|StatusHistory,report status lifecycle,N/A,admin-frontend/src/lib/api/moderation.ts|admin-frontend/src/hooks/useAdminAdsQuery.ts,Legacy alias route behind ENABLE_LEGACY_MODERATION_ALIASES
Listings,Admin Listings Moderation,Admin,GET,/api/v1/admin/reported-ads/:id,inline_handler,backend/src/routes/admin/moderation.routes.ts,ListingModerationQueryService|StatusMutationService,adminListingsQuerySchema|lifecyclePolicyHttpGuard,Ad|StatusHistory,report status lifecycle,N/A,admin-frontend/src/lib/api/moderation.ts|admin-frontend/src/hooks/useAdminAdsQuery.ts,Legacy alias route behind ENABLE_LEGACY_MODERATION_ALIASES
Listings,Admin Listings Moderation,Admin,POST,/api/v1/admin/reported-ads/:id/resolve,legacyReportsController.resolveReport,backend/src/routes/admin/moderation.routes.ts,ListingModerationQueryService|StatusMutationService,adminListingsQuerySchema|lifecyclePolicyHttpGuard,Ad|StatusHistory,report status lifecycle,N/A,admin-frontend/src/lib/api/moderation.ts|admin-frontend/src/hooks/useAdminAdsQuery.ts,Legacy alias route behind ENABLE_LEGACY_MODERATION_ALIASES
Listings,Admin Listings Moderation,Admin,GET,/api/v1/admin/services,listingsController.adminListListings,backend/src/routes/admin/moderation.routes.ts,ListingModerationQueryService|StatusMutationService,adminListingsQuerySchema|lifecyclePolicyHttpGuard,Ad|StatusHistory,report status lifecycle,N/A,admin-frontend/src/lib/api/moderation.ts|admin-frontend/src/hooks/useAdminAdsQuery.ts,Legacy alias route behind ENABLE_LEGACY_MODERATION_ALIASES
Listings,Admin Listings Moderation,Admin,DELETE,/api/v1/admin/services/:id,listingsController.adminSoftDeleteListing,backend/src/routes/admin/moderation.routes.ts,ListingModerationQueryService|StatusMutationService,adminListingsQuerySchema|lifecyclePolicyHttpGuard,Ad|StatusHistory,report status lifecycle,N/A,admin-frontend/src/lib/api/moderation.ts|admin-frontend/src/hooks/useAdminAdsQuery.ts,Legacy alias route behind ENABLE_LEGACY_MODERATION_ALIASES
Listings,Admin Listings Moderation,Admin,GET,/api/v1/admin/services/:id,listingsController.adminGetListingById,backend/src/routes/admin/moderation.routes.ts,ListingModerationQueryService|StatusMutationService,adminListingsQuerySchema|lifecyclePolicyHttpGuard,Ad|StatusHistory,report status lifecycle,N/A,admin-frontend/src/lib/api/moderation.ts|admin-frontend/src/hooks/useAdminAdsQuery.ts,Legacy alias route behind ENABLE_LEGACY_MODERATION_ALIASES
Listings,Admin Listings Moderation,Admin,PATCH,/api/v1/admin/services/:id/approve,listingsController.adminApproveListing,backend/src/routes/admin/moderation.routes.ts,ListingModerationQueryService|StatusMutationService,adminListingsQuerySchema|lifecyclePolicyHttpGuard,Ad|StatusHistory,report status lifecycle,N/A,admin-frontend/src/lib/api/moderation.ts|admin-frontend/src/hooks/useAdminAdsQuery.ts,Legacy alias route behind ENABLE_LEGACY_MODERATION_ALIASES
Listings,Admin Listings Moderation,Admin,PATCH,/api/v1/admin/services/:id/reject,listingsController.adminRejectListing,backend/src/routes/admin/moderation.routes.ts,ListingModerationQueryService|StatusMutationService,adminListingsQuerySchema|lifecyclePolicyHttpGuard,Ad|StatusHistory,report status lifecycle,N/A,admin-frontend/src/lib/api/moderation.ts|admin-frontend/src/hooks/useAdminAdsQuery.ts,Legacy alias route behind ENABLE_LEGACY_MODERATION_ALIASES
Listings,Admin Listings Moderation,Admin,PATCH,/api/v1/admin/services/:id/status,inline_handler,backend/src/routes/admin/moderation.routes.ts,ListingModerationQueryService|StatusMutationService,adminListingsQuerySchema|lifecyclePolicyHttpGuard,Ad|StatusHistory,report status lifecycle,N/A,admin-frontend/src/lib/api/moderation.ts|admin-frontend/src/hooks/useAdminAdsQuery.ts,Legacy alias route behind ENABLE_LEGACY_MODERATION_ALIASES
Listings,Admin Listings Moderation,Admin,GET,/api/v1/admin/services/analytics,serviceController.getServiceAnalytics,backend/src/routes/admin/moderation.routes.ts,ListingModerationQueryService|StatusMutationService,adminListingsQuerySchema|lifecyclePolicyHttpGuard,Ad|StatusHistory,report status lifecycle,N/A,admin-frontend/src/lib/api/moderation.ts|admin-frontend/src/hooks/useAdminAdsQuery.ts,Legacy alias route behind ENABLE_LEGACY_MODERATION_ALIASES
Listings,Admin Listings Moderation,Admin,GET,/api/v1/admin/services/summary,listingsController.adminGetListingCountsLegacyAdapter,backend/src/routes/admin/moderation.routes.ts,ListingModerationQueryService|StatusMutationService,adminListingsQuerySchema|lifecyclePolicyHttpGuard,Ad|StatusHistory,report status lifecycle,N/A,admin-frontend/src/lib/api/moderation.ts|admin-frontend/src/hooks/useAdminAdsQuery.ts,Legacy alias route behind ENABLE_LEGACY_MODERATION_ALIASES
Listings,Admin Listings Moderation,Admin,GET,/api/v1/admin/spare-part-listings,listingsController.adminListListings,backend/src/routes/admin/moderation.routes.ts,ListingModerationQueryService|StatusMutationService,adminListingsQuerySchema|lifecyclePolicyHttpGuard,Ad|StatusHistory,report status lifecycle,N/A,admin-frontend/src/lib/api/moderation.ts|admin-frontend/src/hooks/useAdminAdsQuery.ts,Legacy alias route behind ENABLE_LEGACY_MODERATION_ALIASES
Listings,Admin Listings Moderation,Admin,PATCH,/api/v1/admin/spare-part-listings/:id/approve,listingsController.adminApproveListing,backend/src/routes/admin/moderation.routes.ts,ListingModerationQueryService|StatusMutationService,adminListingsQuerySchema|lifecyclePolicyHttpGuard,Ad|StatusHistory,report status lifecycle,N/A,admin-frontend/src/lib/api/moderation.ts|admin-frontend/src/hooks/useAdminAdsQuery.ts,Legacy alias route behind ENABLE_LEGACY_MODERATION_ALIASES
Listings,Admin Listings Moderation,Admin,PATCH,/api/v1/admin/spare-part-listings/:id/deactivate,listingsController.adminDeactivateListing,backend/src/routes/admin/moderation.routes.ts,ListingModerationQueryService|StatusMutationService,adminListingsQuerySchema|lifecyclePolicyHttpGuard,Ad|StatusHistory,report status lifecycle,N/A,admin-frontend/src/lib/api/moderation.ts|admin-frontend/src/hooks/useAdminAdsQuery.ts,Legacy alias route behind ENABLE_LEGACY_MODERATION_ALIASES
Listings,Admin Listings Moderation,Admin,PATCH,/api/v1/admin/spare-part-listings/:id/reject,listingsController.adminRejectListing,backend/src/routes/admin/moderation.routes.ts,ListingModerationQueryService|StatusMutationService,adminListingsQuerySchema|lifecyclePolicyHttpGuard,Ad|StatusHistory,report status lifecycle,N/A,admin-frontend/src/lib/api/moderation.ts|admin-frontend/src/hooks/useAdminAdsQuery.ts,Legacy alias route behind ENABLE_LEGACY_MODERATION_ALIASES
Listings,Admin Listings Moderation,Admin,GET,/api/v1/admin/spare-part-listings/summary,listingsController.adminGetListingCountsLegacyAdapter,backend/src/routes/admin/moderation.routes.ts,ListingModerationQueryService|StatusMutationService,adminListingsQuerySchema|lifecyclePolicyHttpGuard,Ad|StatusHistory,report status lifecycle,N/A,admin-frontend/src/lib/api/moderation.ts|admin-frontend/src/hooks/useAdminAdsQuery.ts,Legacy alias route behind ENABLE_LEGACY_MODERATION_ALIASES
Listings,Ads,User/Public,GET,/api/v1/ads/,adController.getAds,backend/src/routes/adRoutes.ts,AdService|AdOrchestrator|StatusMutationService,AdPayloadSchema|PartialAdPayloadSchema|createListingValidator,Ad|StatusHistory,pending live rejected sold expired deactivated deleted with governed transitions,frontend/src/api/user/ads.ts|frontend/src/queries/useAdsQuery.ts|frontend/src/hooks/useMyAds.ts,N/A,
Listings,Ads,User/Public,POST,/api/v1/ads/,adController.createAd,backend/src/routes/adRoutes.ts,AdService|AdOrchestrator|StatusMutationService,AdPayloadSchema|PartialAdPayloadSchema|createListingValidator,Ad|StatusHistory,pending live rejected sold expired deactivated deleted with governed transitions,frontend/src/api/user/ads.ts|frontend/src/queries/useAdsQuery.ts|frontend/src/hooks/useMyAds.ts,N/A,
Listings,Ads,User/Public,DELETE,/api/v1/ads/:id,adController.deleteAd,backend/src/routes/adRoutes.ts,AdService|AdOrchestrator|StatusMutationService,AdPayloadSchema|PartialAdPayloadSchema|createListingValidator,Ad|StatusHistory,pending live rejected sold expired deactivated deleted with governed transitions,frontend/src/api/user/ads.ts|frontend/src/queries/useAdsQuery.ts|frontend/src/hooks/useMyAds.ts,N/A,
Listings,Ads,User/Public,GET,/api/v1/ads/:id,adController.getPublicAdById,backend/src/routes/adRoutes.ts,AdService|AdOrchestrator|StatusMutationService,AdPayloadSchema|PartialAdPayloadSchema|createListingValidator,Ad|StatusHistory,pending live rejected sold expired deactivated deleted with governed transitions,frontend/src/api/user/ads.ts|frontend/src/queries/useAdsQuery.ts|frontend/src/hooks/useMyAds.ts,N/A,
Listings,Ads,User/Public,PATCH,/api/v1/ads/:id,adController.updateAd,backend/src/routes/adRoutes.ts,AdService|AdOrchestrator|StatusMutationService,AdPayloadSchema|PartialAdPayloadSchema|createListingValidator,Ad|StatusHistory,pending live rejected sold expired deactivated deleted with governed transitions,frontend/src/api/user/ads.ts|frontend/src/queries/useAdsQuery.ts|frontend/src/hooks/useMyAds.ts,N/A,
Listings,Ads,User/Public,GET,/api/v1/ads/:id/phone,adController.getAdPhone,backend/src/routes/adRoutes.ts,AdService|AdOrchestrator|StatusMutationService,AdPayloadSchema|PartialAdPayloadSchema|createListingValidator,Ad|StatusHistory,pending live rejected sold expired deactivated deleted with governed transitions,frontend/src/api/user/ads.ts|frontend/src/queries/useAdsQuery.ts|frontend/src/hooks/useMyAds.ts,N/A,
Listings,Ads,User/Public,PATCH,/api/v1/ads/:id/promote,adController.promoteAd,backend/src/routes/adRoutes.ts,AdService|AdOrchestrator|StatusMutationService,AdPayloadSchema|PartialAdPayloadSchema|createListingValidator,Ad|StatusHistory,pending live rejected sold expired deactivated deleted with governed transitions,frontend/src/api/user/ads.ts|frontend/src/queries/useAdsQuery.ts|frontend/src/hooks/useMyAds.ts,N/A,
Listings,Ads,User/Public,POST,/api/v1/ads/:id/repost,adController.repostAd,backend/src/routes/adRoutes.ts,AdService|AdOrchestrator|StatusMutationService,AdPayloadSchema|PartialAdPayloadSchema|createListingValidator,Ad|StatusHistory,pending live rejected sold expired deactivated deleted with governed transitions,frontend/src/api/user/ads.ts|frontend/src/queries/useAdsQuery.ts|frontend/src/hooks/useMyAds.ts,N/A,
Listings,Ads,User/Public,GET,/api/v1/ads/:id/similar,adController.getSimilarAds,backend/src/routes/adRoutes.ts,AdService|AdOrchestrator|StatusMutationService,AdPayloadSchema|PartialAdPayloadSchema|createListingValidator,Ad|StatusHistory,pending live rejected sold expired deactivated deleted with governed transitions,frontend/src/api/user/ads.ts|frontend/src/queries/useAdsQuery.ts|frontend/src/hooks/useMyAds.ts,N/A,
Listings,Ads,User/Public,PATCH,/api/v1/ads/:id/sold,adController.markAsSold,backend/src/routes/adRoutes.ts,AdService|AdOrchestrator|StatusMutationService,AdPayloadSchema|PartialAdPayloadSchema|createListingValidator,Ad|StatusHistory,pending live rejected sold expired deactivated deleted with governed transitions,frontend/src/api/user/ads.ts|frontend/src/queries/useAdsQuery.ts|frontend/src/hooks/useMyAds.ts,N/A,
Listings,Ads,User/Public,GET,/api/v1/ads/:id/view,adController.incrementAdView,backend/src/routes/adRoutes.ts,AdService|AdOrchestrator|StatusMutationService,AdPayloadSchema|PartialAdPayloadSchema|createListingValidator,Ad|StatusHistory,pending live rejected sold expired deactivated deleted with governed transitions,frontend/src/api/user/ads.ts|frontend/src/queries/useAdsQuery.ts|frontend/src/hooks/useMyAds.ts,N/A,
Listings,Ads,User/Public,GET,/api/v1/ads/home,adController.getHomeFeedAds,backend/src/routes/adRoutes.ts,AdService|AdOrchestrator|StatusMutationService,AdPayloadSchema|PartialAdPayloadSchema|createListingValidator,Ad|StatusHistory,pending live rejected sold expired deactivated deleted with governed transitions,frontend/src/api/user/ads.ts|frontend/src/queries/useAdsQuery.ts|frontend/src/hooks/useMyAds.ts,N/A,
Listings,Ads,User/Public,GET,/api/v1/ads/my-ads,adController.getMyAds,backend/src/routes/adRoutes.ts,AdService|AdOrchestrator|StatusMutationService,AdPayloadSchema|PartialAdPayloadSchema|createListingValidator,Ad|StatusHistory,pending live rejected sold expired deactivated deleted with governed transitions,frontend/src/api/user/ads.ts|frontend/src/queries/useAdsQuery.ts|frontend/src/hooks/useMyAds.ts,N/A,
Listings,Ads,User/Public,GET,/api/v1/ads/my-ads/stats,adController.getMyAdsStats,backend/src/routes/adRoutes.ts,AdService|AdOrchestrator|StatusMutationService,AdPayloadSchema|PartialAdPayloadSchema|createListingValidator,Ad|StatusHistory,pending live rejected sold expired deactivated deleted with governed transitions,frontend/src/api/user/ads.ts|frontend/src/queries/useAdsQuery.ts|frontend/src/hooks/useMyAds.ts,N/A,
Listings,Ads,User/Public,GET,/api/v1/ads/nearby,adController.getNearbyAds,backend/src/routes/adRoutes.ts,AdService|AdOrchestrator|StatusMutationService,AdPayloadSchema|PartialAdPayloadSchema|createListingValidator,Ad|StatusHistory,pending live rejected sold expired deactivated deleted with governed transitions,frontend/src/api/user/ads.ts|frontend/src/queries/useAdsQuery.ts|frontend/src/hooks/useMyAds.ts,N/A,
Listings,Ads,User/Public,GET,/api/v1/ads/public/home,inline_handler,backend/src/routes/adRoutes.ts,AdService|AdOrchestrator|StatusMutationService,AdPayloadSchema|PartialAdPayloadSchema|createListingValidator,Ad|StatusHistory,pending live rejected sold expired deactivated deleted with governed transitions,frontend/src/api/user/ads.ts|frontend/src/queries/useAdsQuery.ts|frontend/src/hooks/useMyAds.ts,N/A,Deprecated returns 410 with canonical successor
Listings,Ads,User/Public,GET,/api/v1/ads/suggestions,adController.getSuggestions,backend/src/routes/adRoutes.ts,AdService|AdOrchestrator|StatusMutationService,AdPayloadSchema|PartialAdPayloadSchema|createListingValidator,Ad|StatusHistory,pending live rejected sold expired deactivated deleted with governed transitions,frontend/src/api/user/ads.ts|frontend/src/queries/useAdsQuery.ts|frontend/src/hooks/useMyAds.ts,N/A,
Listings,Ads,User/Public,GET,/api/v1/ads/trending,adController.getTrendingAds,backend/src/routes/adRoutes.ts,AdService|AdOrchestrator|StatusMutationService,AdPayloadSchema|PartialAdPayloadSchema|createListingValidator,Ad|StatusHistory,pending live rejected sold expired deactivated deleted with governed transitions,frontend/src/api/user/ads.ts|frontend/src/queries/useAdsQuery.ts|frontend/src/hooks/useMyAds.ts,N/A,
Listings,Ads,User/Public,POST,/api/v1/ads/upload-image,adController.uploadImage,backend/src/routes/adRoutes.ts,AdService|AdOrchestrator|StatusMutationService,AdPayloadSchema|PartialAdPayloadSchema|createListingValidator,Ad|StatusHistory,pending live rejected sold expired deactivated deleted with governed transitions,frontend/src/api/user/ads.ts|frontend/src/queries/useAdsQuery.ts|frontend/src/hooks/useMyAds.ts,N/A,
Listings,Reports Moderation,Admin,GET,/api/v1/admin/reports,legacyReportsController.getReportedAds,backend/src/routes/admin/moderation.routes.ts,ListingModerationQueryService|StatusMutationService,adminListingsQuerySchema|lifecyclePolicyHttpGuard,Report|Ad,report status lifecycle,N/A,admin-frontend/src/lib/api/moderation.ts|admin-frontend/src/hooks/useAdminAdsQuery.ts,
Listings,Reports Moderation,Admin,GET,/api/v1/admin/reports/:id,legacyReportsController.getReportedAdById,backend/src/routes/admin/moderation.routes.ts,ListingModerationQueryService|StatusMutationService,adminListingsQuerySchema|lifecyclePolicyHttpGuard,Report|Ad,report status lifecycle,N/A,admin-frontend/src/lib/api/moderation.ts|admin-frontend/src/hooks/useAdminAdsQuery.ts,
Listings,Reports Moderation,Admin,POST,/api/v1/admin/reports/:id/resolve,legacyReportsController.resolveReport,backend/src/routes/admin/moderation.routes.ts,ListingModerationQueryService|StatusMutationService,adminListingsQuerySchema|lifecyclePolicyHttpGuard,Report|Ad,report status lifecycle,N/A,admin-frontend/src/lib/api/moderation.ts|admin-frontend/src/hooks/useAdminAdsQuery.ts,
Listings,Reports Moderation,Admin,PATCH,/api/v1/admin/reports/:id/status,legacyReportsController.updateReportStatus,backend/src/routes/admin/moderation.routes.ts,ListingModerationQueryService|StatusMutationService,adminListingsQuerySchema|lifecyclePolicyHttpGuard,Report|Ad,report status lifecycle,N/A,admin-frontend/src/lib/api/moderation.ts|admin-frontend/src/hooks/useAdminAdsQuery.ts,
Listings,Services,Business User/Public,GET,/api/v1/services/,serviceController.getServices,backend/src/routes/serviceRoutes.ts,StatusMutationService|ListingSubmissionPolicy|AdService,ServicePayloadSchema|PartialServicePayloadSchema|createListingValidator,Ad(listingType=service)|StatusHistory,pending live sold expired rejected deactivated with re-review edits,frontend/src/api/user/services.ts|frontend/src/queries/useServicesQuery.ts|frontend/src/hooks/useMyServices.ts,N/A,
Listings,Services,Business User/Public,POST,/api/v1/services/,serviceController.createService,backend/src/routes/serviceRoutes.ts,StatusMutationService|ListingSubmissionPolicy|AdService,ServicePayloadSchema|PartialServicePayloadSchema|createListingValidator,Ad(listingType=service)|StatusHistory,pending live sold expired rejected deactivated with re-review edits,frontend/src/api/user/services.ts|frontend/src/queries/useServicesQuery.ts|frontend/src/hooks/useMyServices.ts,N/A,
Listings,Services,Business User/Public,DELETE,/api/v1/services/:id,serviceController.deleteService,backend/src/routes/serviceRoutes.ts,StatusMutationService|ListingSubmissionPolicy|AdService,ServicePayloadSchema|PartialServicePayloadSchema|createListingValidator,Ad(listingType=service)|StatusHistory,pending live sold expired rejected deactivated with re-review edits,frontend/src/api/user/services.ts|frontend/src/queries/useServicesQuery.ts|frontend/src/hooks/useMyServices.ts,N/A,
Listings,Services,Business User/Public,GET,/api/v1/services/:id,serviceController.getServiceById,backend/src/routes/serviceRoutes.ts,StatusMutationService|ListingSubmissionPolicy|AdService,ServicePayloadSchema|PartialServicePayloadSchema|createListingValidator,Ad(listingType=service)|StatusHistory,pending live sold expired rejected deactivated with re-review edits,frontend/src/api/user/services.ts|frontend/src/queries/useServicesQuery.ts|frontend/src/hooks/useMyServices.ts,N/A,
Listings,Services,Business User/Public,PATCH,/api/v1/services/:id/deactivate,serviceController.deactivateService,backend/src/routes/serviceRoutes.ts,StatusMutationService|ListingSubmissionPolicy|AdService,ServicePayloadSchema|PartialServicePayloadSchema|createListingValidator,Ad(listingType=service)|StatusHistory,pending live sold expired rejected deactivated with re-review edits,frontend/src/api/user/services.ts|frontend/src/queries/useServicesQuery.ts|frontend/src/hooks/useMyServices.ts,N/A,
Listings,Services,Business User/Public,GET,/api/v1/services/:id/phone,serviceController.getServicePhone,backend/src/routes/serviceRoutes.ts,StatusMutationService|ListingSubmissionPolicy|AdService,ServicePayloadSchema|PartialServicePayloadSchema|createListingValidator,Ad(listingType=service)|StatusHistory,pending live sold expired rejected deactivated with re-review edits,frontend/src/api/user/services.ts|frontend/src/queries/useServicesQuery.ts|frontend/src/hooks/useMyServices.ts,N/A,
Listings,Services,Business User/Public,POST,/api/v1/services/:id/repost,serviceController.repostService,backend/src/routes/serviceRoutes.ts,StatusMutationService|ListingSubmissionPolicy|AdService,ServicePayloadSchema|PartialServicePayloadSchema|createListingValidator,Ad(listingType=service)|StatusHistory,pending live sold expired rejected deactivated with re-review edits,frontend/src/api/user/services.ts|frontend/src/queries/useServicesQuery.ts|frontend/src/hooks/useMyServices.ts,N/A,
Listings,Services,Business User/Public,PATCH,/api/v1/services/:id/sold,serviceController.markServiceAsSold,backend/src/routes/serviceRoutes.ts,StatusMutationService|ListingSubmissionPolicy|AdService,ServicePayloadSchema|PartialServicePayloadSchema|createListingValidator,Ad(listingType=service)|StatusHistory,pending live sold expired rejected deactivated with re-review edits,frontend/src/api/user/services.ts|frontend/src/queries/useServicesQuery.ts|frontend/src/hooks/useMyServices.ts,N/A,
Listings,Services,Business User/Public,GET,/api/v1/services/:id/view,serviceController.incrementServiceView,backend/src/routes/serviceRoutes.ts,StatusMutationService|ListingSubmissionPolicy|AdService,ServicePayloadSchema|PartialServicePayloadSchema|createListingValidator,Ad(listingType=service)|StatusHistory,pending live sold expired rejected deactivated with re-review edits,frontend/src/api/user/services.ts|frontend/src/queries/useServicesQuery.ts|frontend/src/hooks/useMyServices.ts,N/A,
Listings,Services,Business User/Public,GET,/api/v1/services/analytics,serviceController.updateService,backend/src/routes/serviceRoutes.ts,StatusMutationService|ListingSubmissionPolicy|AdService,ServicePayloadSchema|PartialServicePayloadSchema|createListingValidator,Ad(listingType=service)|StatusHistory,pending live sold expired rejected deactivated with re-review edits,frontend/src/api/user/services.ts|frontend/src/queries/useServicesQuery.ts|frontend/src/hooks/useMyServices.ts,N/A,Location updates now persist; updates.location is no longer dropped before DB write
Listings,Services,Business User/Public,GET,/api/v1/services/my-services,serviceController.getMyServices,backend/src/routes/serviceRoutes.ts,StatusMutationService|ListingSubmissionPolicy|AdService,ServicePayloadSchema|PartialServicePayloadSchema|createListingValidator,Ad(listingType=service)|StatusHistory,pending live sold expired rejected deactivated with re-review edits,frontend/src/api/user/services.ts|frontend/src/queries/useServicesQuery.ts|frontend/src/hooks/useMyServices.ts,N/A,
Listings,Spare Part Listings,Business User/Public,GET,/api/v1/spare-part-listings/,sparePartListingController.getSparePartListings,backend/src/routes/sparePartRoutes.ts,StatusMutationService|ListingSubmissionPolicy|AdService,SparePartPayloadSchema|PartialSparePartPayloadSchema|createListingValidator,Ad(listingType=spare_part)|StatusHistory,pending live sold expired rejected deactivated with repost to pending,frontend/src/api/user/sparePartListings.ts|frontend/src/components/user/post-spare-part,N/A,
Listings,Spare Part Listings,Business User/Public,POST,/api/v1/spare-part-listings/,sparePartListingController.createSparePartListing,backend/src/routes/sparePartRoutes.ts,StatusMutationService|ListingSubmissionPolicy|AdService,SparePartPayloadSchema|PartialSparePartPayloadSchema|createListingValidator,Ad(listingType=spare_part)|StatusHistory,pending live sold expired rejected deactivated with repost to pending,frontend/src/api/user/sparePartListings.ts|frontend/src/components/user/post-spare-part,N/A,
Listings,Spare Part Listings,Business User/Public,DELETE,/api/v1/spare-part-listings/:id,sparePartListingController.deleteSparePartListing,backend/src/routes/sparePartRoutes.ts,StatusMutationService|ListingSubmissionPolicy|AdService,SparePartPayloadSchema|PartialSparePartPayloadSchema|createListingValidator,Ad(listingType=spare_part)|StatusHistory,pending live sold expired rejected deactivated with repost to pending,frontend/src/api/user/sparePartListings.ts|frontend/src/components/user/post-spare-part,N/A,
Listings,Spare Part Listings,Business User/Public,PUT,/api/v1/spare-part-listings/:id,sparePartListingController.updateSparePartListing,backend/src/routes/sparePartRoutes.ts,StatusMutationService|ListingSubmissionPolicy|AdService,SparePartPayloadSchema|PartialSparePartPayloadSchema|createListingValidator,Ad(listingType=spare_part)|StatusHistory,pending live sold expired rejected deactivated with repost to pending,frontend/src/api/user/sparePartListings.ts|frontend/src/components/user/post-spare-part,N/A,
Listings,Spare Part Listings,Business User/Public,PATCH,/api/v1/spare-part-listings/:id/deactivate,sparePartListingController.deactivateSparePartListing,backend/src/routes/sparePartRoutes.ts,StatusMutationService|ListingSubmissionPolicy|AdService,SparePartPayloadSchema|PartialSparePartPayloadSchema|createListingValidator,Ad(listingType=spare_part)|StatusHistory,pending live sold expired rejected deactivated with repost to pending,frontend/src/api/user/sparePartListings.ts|frontend/src/components/user/post-spare-part,N/A,
Listings,Spare Part Listings,Business User/Public,GET,/api/v1/spare-part-listings/:id/phone,sparePartListingController.getSparePartPhone,backend/src/routes/sparePartRoutes.ts,StatusMutationService|ListingSubmissionPolicy|AdService,SparePartPayloadSchema|PartialSparePartPayloadSchema|createListingValidator,Ad(listingType=spare_part)|StatusHistory,pending live sold expired rejected deactivated with repost to pending,frontend/src/api/user/sparePartListings.ts|frontend/src/components/user/post-spare-part,N/A,
Listings,Spare Part Listings,Business User/Public,POST,/api/v1/spare-part-listings/:id/repost,sparePartListingController.repostSparePartListing,backend/src/routes/sparePartRoutes.ts,StatusMutationService|ListingSubmissionPolicy|AdService,SparePartPayloadSchema|PartialSparePartPayloadSchema|createListingValidator,Ad(listingType=spare_part)|StatusHistory,pending live sold expired rejected deactivated with repost to pending,frontend/src/api/user/sparePartListings.ts|frontend/src/components/user/post-spare-part,N/A,
Listings,Spare Part Listings,Business User/Public,GET,/api/v1/spare-part-listings/:idOrSlug,sparePartListingController.getSparePartListing,backend/src/routes/sparePartRoutes.ts,StatusMutationService|ListingSubmissionPolicy|AdService,SparePartPayloadSchema|PartialSparePartPayloadSchema|createListingValidator,Ad(listingType=spare_part)|StatusHistory,pending live sold expired rejected deactivated with repost to pending,frontend/src/api/user/sparePartListings.ts|frontend/src/components/user/post-spare-part,N/A,
Listings,Spare Part Listings,Business User/Public,GET,/api/v1/spare-part-listings/my-listings,sparePartListingController.getMySparePartListings,backend/src/routes/sparePartRoutes.ts,StatusMutationService|ListingSubmissionPolicy|AdService,SparePartPayloadSchema|PartialSparePartPayloadSchema|createListingValidator,Ad(listingType=spare_part)|StatusHistory,pending live sold expired rejected deactivated with repost to pending,frontend/src/api/user/sparePartListings.ts|frontend/src/components/user/post-spare-part,N/A,
Listings,Unified Listing SSOT,User/Public,GET,/api/v1/listings/:id,listingController.getListingDetail,backend/src/routes/listingRoutes.ts,AdService|StatusMutationService,Route guards + protected fields in listingController,Ad|StatusHistory,edit uses AdService lifecycle policy (live->pending review only; terminal statuses blocked); mark-sold live to sold,frontend/src/api/user/ads.ts (LISTING_* constants),N/A,
Listings,Unified Listing SSOT,User/Public,GET,/api/v1/listings/:id/analytics,listingController.getListingAnalytics,backend/src/routes/listingRoutes.ts,AdService|StatusMutationService,Route guards + protected fields in listingController,Ad|StatusHistory,edit uses AdService lifecycle policy (live->pending review only; terminal statuses blocked); mark-sold live to sold,frontend/src/api/user/ads.ts (LISTING_* constants),N/A,
Listings,Unified Listing SSOT,User/Public,PUT,/api/v1/listings/:id/edit,listingController.editListing,backend/src/routes/listingRoutes.ts,AdService|StatusMutationService,Route guards + protected fields in listingController,Ad|StatusHistory,edit uses AdService lifecycle policy (live->pending review only; terminal statuses blocked); mark-sold live to sold,frontend/src/api/user/ads.ts (LISTING_* constants),N/A,
Listings,Unified Listing SSOT,User/Public,PUT,/api/v1/listings/:id/mark-sold,listingController.markListingSold,backend/src/routes/listingRoutes.ts,AdService|StatusMutationService,Route guards + protected fields in listingController,Ad|StatusHistory,edit uses AdService lifecycle policy (live->pending review only; terminal statuses blocked); mark-sold live to sold,frontend/src/api/user/ads.ts (LISTING_* constants),N/A,
Listings,Unified Listing SSOT,User/Public,POST,/api/v1/listings/:id/promote,listingController.promoteListing,backend/src/routes/listingRoutes.ts,AdService|StatusMutationService,Route guards + protected fields in listingController,Ad|StatusHistory,edit uses AdService lifecycle policy (live->pending review only; terminal statuses blocked); mark-sold live to sold,frontend/src/api/user/ads.ts (LISTING_* constants),N/A,
Listings,Unified Listing SSOT,User/Public,GET,/api/v1/listings/:id/view,listingController.incrementListingView,backend/src/routes/listingRoutes.ts,AdService|StatusMutationService,Route guards + protected fields in listingController,Ad|StatusHistory,edit uses AdService lifecycle policy (live->pending review only; terminal statuses blocked); mark-sold live to sold,frontend/src/api/user/ads.ts (LISTING_* constants),N/A,
Monetization,Admin Invoices,Admin,GET,/api/v1/admin/invoices,adminInvoiceController.getAllInvoices,backend/src/routes/admin/finance.routes.ts,adminInvoiceController|PaymentProcessingService,validateObjectId|permission guards,Invoice|Transaction|UserPlan|Plan,,N/A,admin-frontend/src/app/(protected)/(finance)/invoices/page.tsx,
Monetization,Admin Invoices,Admin,POST,/api/v1/admin/invoices,adminInvoiceController.createInvoice,backend/src/routes/admin/finance.routes.ts,adminInvoiceController|PaymentProcessingService,validateObjectId|permission guards,Invoice|Transaction|UserPlan|Plan,,N/A,admin-frontend/src/app/(protected)/(finance)/invoices/page.tsx,
Monetization,Admin Invoices,Admin,GET,/api/v1/admin/invoices/:id,adminInvoiceController.getInvoiceById,backend/src/routes/admin/finance.routes.ts,adminInvoiceController|PaymentProcessingService,validateObjectId|permission guards,Invoice|Transaction|UserPlan|Plan,,N/A,admin-frontend/src/app/(protected)/(finance)/invoices/page.tsx,
Monetization,Admin Invoices,Admin,GET,/api/v1/admin/invoices/:id/print,adminInvoiceController.getPrintableInvoice,backend/src/routes/admin/finance.routes.ts,adminInvoiceController|PaymentProcessingService,validateObjectId|permission guards,Invoice|Transaction|UserPlan|Plan,,N/A,admin-frontend/src/app/(protected)/(finance)/invoices/page.tsx,
Monetization,Admin Invoices,Admin,PATCH,/api/v1/admin/invoices/:id/status,adminInvoiceController.updateInvoiceStatus,backend/src/routes/admin/finance.routes.ts,adminInvoiceController|PaymentProcessingService,validateObjectId|permission guards,Invoice|Transaction|UserPlan|Plan,invoice status pending success failed cancelled,N/A,admin-frontend/src/app/(protected)/(finance)/invoices/page.tsx,
Monetization,Admin Plan Management,Admin,GET,/api/v1/admin/plans,planController.getPlans,backend/src/routes/admin/system.routes.ts,Plan service/controller layer,PlanPayloadSchema|PartialPlanPayloadSchema,Plan,active toggle lifecycle,N/A,admin-frontend/src/app/(protected)/(finance)/plans/page.tsx,
Monetization,Admin Plan Management,Admin,POST,/api/v1/admin/plans,planController.createPlan,backend/src/routes/admin/system.routes.ts,Plan service/controller layer,PlanPayloadSchema|PartialPlanPayloadSchema,Plan,active toggle lifecycle,N/A,admin-frontend/src/app/(protected)/(finance)/plans/page.tsx,
Monetization,Admin Plan Management,Admin,PUT,/api/v1/admin/plans/:id,planController.updatePlan,backend/src/routes/admin/system.routes.ts,Plan service/controller layer,PlanPayloadSchema|PartialPlanPayloadSchema,Plan,active toggle lifecycle,N/A,admin-frontend/src/app/(protected)/(finance)/plans/page.tsx,
Monetization,Admin Plan Management,Admin,PATCH,/api/v1/admin/plans/:id/toggle,planController.togglePlan,backend/src/routes/admin/system.routes.ts,Plan service/controller layer,PlanPayloadSchema|PartialPlanPayloadSchema,Plan,active toggle lifecycle,N/A,admin-frontend/src/app/(protected)/(finance)/plans/page.tsx,
Monetization,Admin Transactions and Stats,Admin,GET,/api/v1/admin/finance/stats,transactionController.getTransactionStats,backend/src/routes/admin/finance.routes.ts,TransactionService,validateObjectId|permission guards,Transaction,,N/A,admin-frontend/src/app/(protected)/(finance)/finance/page.tsx,
Monetization,Admin Transactions and Stats,Admin,GET,/api/v1/admin/finance/transactions,transactionController.getAllTransactions,backend/src/routes/admin/finance.routes.ts,TransactionService,validateObjectId|permission guards,Transaction,,N/A,admin-frontend/src/app/(protected)/(finance)/finance/page.tsx,
Monetization,Payments and Plans User API,User/Webhook,GET,/api/v1/payments/history,paymentController.getPurchaseHistory,backend/src/routes/paymentRoutes.ts,PaymentProcessingService|WalletService|AdSlotService,createPaymentOrderSchema|idempotencyMiddleware|verifyPaymentWebhook,Transaction|Invoice|Plan|UserPlan|UserWallet,INITIATED SUCCESS FAILED + applied flag idempotency,frontend/src/api/user/plans.ts|frontend/src/hooks/usePlanCheckout.ts|frontend/src/hooks/usePurchases.ts,N/A,
Monetization,Payments and Plans User API,User/Webhook,GET,/api/v1/payments/invoice/:id,paymentController.getInvoice,backend/src/routes/paymentRoutes.ts,PaymentProcessingService|WalletService|AdSlotService,createPaymentOrderSchema|idempotencyMiddleware|verifyPaymentWebhook,Transaction|Invoice|Plan|UserPlan|UserWallet,INITIATED SUCCESS FAILED + applied flag idempotency,frontend/src/api/user/plans.ts|frontend/src/hooks/usePlanCheckout.ts|frontend/src/hooks/usePurchases.ts,N/A,
Monetization,Payments and Plans User API,User/Webhook,POST,/api/v1/payments/orders,paymentController.createPaymentOrder,backend/src/routes/paymentRoutes.ts,PaymentProcessingService|WalletService|AdSlotService,createPaymentOrderSchema|idempotencyMiddleware|verifyPaymentWebhook,Transaction|Invoice|Plan|UserPlan|UserWallet,INITIATED SUCCESS FAILED + applied flag idempotency,frontend/src/api/user/plans.ts|frontend/src/hooks/usePlanCheckout.ts|frontend/src/hooks/usePurchases.ts,N/A,
Monetization,Payments and Plans User API,User/Webhook,GET,/api/v1/payments/plans,paymentController.getPlans,backend/src/routes/paymentRoutes.ts,PaymentProcessingService|WalletService|AdSlotService,createPaymentOrderSchema|idempotencyMiddleware|verifyPaymentWebhook,Transaction|Invoice|Plan|UserPlan|UserWallet,INITIATED SUCCESS FAILED + applied flag idempotency,frontend/src/api/user/plans.ts|frontend/src/hooks/usePlanCheckout.ts|frontend/src/hooks/usePurchases.ts,N/A,
Monetization,Payments and Plans User API,User/Webhook,POST,/api/v1/payments/webhook,paymentWebhook,backend/src/routes/paymentRoutes.ts,PaymentProcessingService|WalletService|AdSlotService,createPaymentOrderSchema|idempotencyMiddleware|verifyPaymentWebhook,Transaction|Invoice|Plan|UserPlan|UserWallet,INITIATED SUCCESS FAILED + applied flag idempotency,frontend/src/api/user/plans.ts|frontend/src/hooks/usePlanCheckout.ts|frontend/src/hooks/usePurchases.ts,N/A,Gateway webhook enters queue based idempotent processing
